{"initial_reset_timestamp": 1594893446.3987334, "timestamps": [1594893450.1267765, 1594893453.5264635, 1594893453.607942, 1594893453.6397517, 1594893453.6714506, 1594893453.7031622, 1594893453.7350633, 1594893453.767217, 1594893457.1073396, 1594893457.1891026, 1594893457.2208917, 1594893457.2527528, 1594893457.2845912, 1594893457.3169715, 1594893457.348825, 1594893457.3806112, 1594893457.4124532, 1594893457.444292, 1594893457.4761567, 1594893457.507936, 1594893457.5397294, 1594893457.5715158, 1594893457.603295, 1594893457.6351504, 1594893457.6669414, 1594893457.6987507, 1594893457.7305923, 1594893461.0733314, 1594893461.1535625, 1594893461.1854932, 1594893461.2172854, 1594893461.251109, 1594893461.285251, 1594893461.3192487, 1594893461.353368, 1594893461.387344, 1594893461.4207199, 1594893461.4525409, 1594893461.484333, 1594893461.5161357, 1594893461.5479665, 1594893461.5797362, 1594893461.611518, 1594893461.6433585, 1594893461.6757271, 1594893461.7096822, 1594893461.7436092, 1594893461.7769687, 1594893461.808756, 1594893461.8405166, 1594893461.8722804, 1594893461.9041584, 1594893461.9359102, 1594893461.967704, 1594893461.9996896, 1594893462.0316017, 1594893462.0635006, 1594893462.0952663, 1594893462.127075, 1594893462.1588528, 1594893462.1908383, 1594893462.222695, 1594893462.254487, 1594893462.2863321, 1594893465.6375659, 1594893465.7162943, 1594893465.7483745, 1594893465.7802098, 1594893465.811911, 1594893465.8441792, 1594893465.87703, 1594893465.909735, 1594893465.942463, 1594893465.984016, 1594893466.0255747, 1594893466.058967, 1594893466.0907567, 1594893466.1222835, 1594893466.1537554, 1594893466.1855187, 1594893466.217299, 1594893466.2489533, 1594893466.2805986, 1594893466.3129816, 1594893466.345122, 1594893466.3777826, 1594893466.4099927, 1594893466.4417949, 1594893466.4735005, 1594893466.50533, 1594893466.536983, 1594893466.5687675, 1594893466.600551, 1594893466.6324148, 1594893466.6655896, 1594893466.6981978, 1594893466.7299917, 1594893466.7615163, 1594893466.793059, 1594893466.824565], "episode_lengths": [200, 200, 200, 200, 200, 200, 200, 200, 200, 200, 200, 200, 200, 200, 200, 200, 200, 200, 200, 200, 200, 200, 200, 200, 200, 200, 200, 200, 200, 200, 200, 200, 200, 200, 200, 200, 200, 200, 200, 200, 200, 200, 200, 200, 200, 200, 200, 200, 200, 200, 200, 200, 200, 200, 200, 200, 200, 200, 200, 200, 200, 200, 200, 200, 200, 200, 200, 200, 200, 200, 200, 200, 200, 200, 200, 200, 200, 200, 200, 200, 200, 200, 200, 200, 200, 200, 200, 200, 200, 200, 200, 200, 200, 200, 200, 200, 200, 200, 200, 200], "episode_rewards": [200.0, 200.0, 200.0, 200.0, 200.0, 200.0, 200.0, 200.0, 200.0, 200.0, 200.0, 200.0, 200.0, 200.0, 200.0, 200.0, 200.0, 200.0, 200.0, 200.0, 200.0, 200.0, 200.0, 200.0, 200.0, 200.0, 200.0, 200.0, 200.0, 200.0, 200.0, 200.0, 200.0, 200.0, 200.0, 200.0, 200.0, 200.0, 200.0, 200.0, 200.0, 200.0, 200.0, 200.0, 200.0, 200.0, 200.0, 200.0, 200.0, 200.0, 200.0, 200.0, 200.0, 200.0, 200.0, 200.0, 200.0, 200.0, 200.0, 200.0, 200.0, 200.0, 200.0, 200.0, 200.0, 200.0, 200.0, 200.0, 200.0, 200.0, 200.0, 200.0, 200.0, 200.0, 200.0, 200.0, 200.0, 200.0, 200.0, 200.0, 200.0, 200.0, 200.0, 200.0, 200.0, 200.0, 200.0, 200.0, 200.0, 200.0, 200.0, 200.0, 200.0, 200.0, 200.0, 200.0, 200.0, 200.0, 200.0, 200.0], "episode_types": ["t", "t", "t", "t", "t", "t", "t", "t", "t", "t", "t", "t", "t", "t", "t", "t", "t", "t", "t", "t", "t", "t", "t", "t", "t", "t", "t", "t", "t", "t", "t", "t", "t", "t", "t", "t", "t", "t", "t", "t", "t", "t", "t", "t", "t", "t", "t", "t", "t", "t", "t", "t", "t", "t", "t", "t", "t", "t", "t", "t", "t", "t", "t", "t", "t", "t", "t", "t", "t", "t", "t", "t", "t", "t", "t", "t", "t", "t", "t", "t", "t", "t", "t", "t", "t", "t", "t", "t", "t", "t", "t", "t", "t", "t", "t", "t", "t", "t", "t", "t"]}